{"position":[-3.030073642730713,-0.010000109672546387,7.851988315582275],"health":0,"level":0,"gemScore":1}